{"first_name": "Nanette", "last_name": "Barrag\u00e1n", "party": "Democrat", "state": "CA", "type": "rep", "twitter": "RepBarragan", "district": 44.0, "scorecard": {"blame": {"count": 35, "percent": 0.09259259259259259, "rank": 235.0, "sources": {"floor": {"count": 2, "percent": 0.3333333333333333}, "newsletters": {"count": 2, "percent": 0.024096385542168676}, "statements": {"count": 29, "percent": 0.10175438596491228}, "tweets": {"count": 2, "percent": 0.5}}}, "compromise": {"count": 22, "percent": 0.0582010582010582, "rank": 177.0, "sources": {"floor": {"count": 0, "percent": 0.0}, "newsletters": {"count": 0, "percent": 0.0}, "statements": {"count": 22, "percent": 0.07719298245614035}, "tweets": {"count": 0, "percent": 0.0}}}, "credit_claiming": {"count": 32, "percent": 0.08465608465608465, "rank": 270.0, "sources": {"floor": {"count": 0, "percent": 0.0}, "newsletters": {"count": 10, "percent": 0.12048192771084337}, "statements": {"count": 21, "percent": 0.07368421052631578}, "tweets": {"count": 1, "percent": 0.25}}}, "insult": {"count": 13, "percent": 0.03439153439153439, "rank": 119.0, "sources": {"floor": {"count": 2, "percent": 0.3333333333333333}, "newsletters": {"count": 1, "percent": 0.012048192771084338}, "statements": {"count": 9, "percent": 0.031578947368421054}, "tweets": {"count": 1, "percent": 0.25}}}, "policy": {"count": 276, "percent": 0.7301587301587301, "rank": 27.0, "sources": {"floor": {"count": 4, "percent": 0.6666666666666666}, "newsletters": {"count": 44, "percent": 0.5301204819277109}, "statements": {"count": 226, "percent": 0.7929824561403509}, "tweets": {"count": 2, "percent": 0.5}}}, "foreign_policy": {"count": 9, "percent": 0.023809523809523808, "rank": 326.0, "sources": {"floor": {"count": 0, "percent": 0.0}, "newsletters": {"count": 0, "percent": 0.0}, "statements": {"count": 9, "percent": 0.031578947368421054}, "tweets": {"count": 0, "percent": 0.0}}}, "legislative_discussion": {"count": 125, "percent": 0.3306878306878307, "rank": 93.0, "sources": {"floor": {"count": 2, "percent": 0.3333333333333333}, "newsletters": {"count": 11, "percent": 0.13253012048192772}, "statements": {"count": 112, "percent": 0.3929824561403509}, "tweets": {"count": 0, "percent": 0.0}}}}}