{"first_name": "Steve", "last_name": "Cohen", "party": "Democrat", "state": "TN", "type": "rep", "twitter": "RepCohen", "district": 9.0, "scorecard": {"blame": {"count": 43, "percent": 0.0730050933786078, "rank": 276.0, "sources": {"floor": {"count": 2, "percent": 0.022727272727272728}, "newsletters": {"count": 13, "percent": 0.09219858156028368}, "statements": {"count": 28, "percent": 0.07954545454545454}, "tweets": {"count": 0, "percent": 0.0}}}, "compromise": {"count": 20, "percent": 0.03395585738539898, "rank": 261.0, "sources": {"floor": {"count": 4, "percent": 0.045454545454545456}, "newsletters": {"count": 3, "percent": 0.02127659574468085}, "statements": {"count": 13, "percent": 0.036931818181818184}, "tweets": {"count": 0, "percent": 0.0}}}, "credit_claiming": {"count": 91, "percent": 0.15449915110356535, "rank": 106.0, "sources": {"floor": {"count": 1, "percent": 0.011363636363636364}, "newsletters": {"count": 26, "percent": 0.18439716312056736}, "statements": {"count": 63, "percent": 0.17897727272727273}, "tweets": {"count": 1, "percent": 0.125}}}, "insult": {"count": 10, "percent": 0.01697792869269949, "rank": 171.0, "sources": {"floor": {"count": 1, "percent": 0.011363636363636364}, "newsletters": {"count": 0, "percent": 0.0}, "statements": {"count": 7, "percent": 0.019886363636363636}, "tweets": {"count": 2, "percent": 0.25}}}, "policy": {"count": 241, "percent": 0.4091680814940577, "rank": 322.0, "sources": {"floor": {"count": 42, "percent": 0.4772727272727273}, "newsletters": {"count": 52, "percent": 0.36879432624113473}, "statements": {"count": 145, "percent": 0.4119318181818182}, "tweets": {"count": 2, "percent": 0.25}}}, "foreign_policy": {"count": 44, "percent": 0.07470288624787776, "rank": 186.0, "sources": {"floor": {"count": 0, "percent": 0.0}, "newsletters": {"count": 15, "percent": 0.10638297872340426}, "statements": {"count": 29, "percent": 0.08238636363636363}, "tweets": {"count": 0, "percent": 0.0}}}, "legislative_discussion": {"count": 100, "percent": 0.1697792869269949, "rank": 346.0, "sources": {"floor": {"count": 21, "percent": 0.23863636363636365}, "newsletters": {"count": 20, "percent": 0.14184397163120568}, "statements": {"count": 58, "percent": 0.16477272727272727}, "tweets": {"count": 1, "percent": 0.125}}}}}