{"first_name": "Ted", "last_name": "Cruz", "party": "Republican", "state": "TX", "type": "sen", "twitter": "SenTedCruz", "district": null, "scorecard": {"blame": {"count": 58, "percent": 0.30851063829787234, "rank": 36.0, "sources": {"floor": {"count": 2, "percent": 0.09523809523809523}, "newsletters": {"count": 40, "percent": 0.28368794326241137}, "statements": {"count": 13, "percent": 1.0833333333333333}, "tweets": {"count": 3, "percent": 0.21428571428571427}}}, "compromise": {"count": 20, "percent": 0.10638297872340426, "rank": 82.0, "sources": {"floor": {"count": 3, "percent": 0.14285714285714285}, "newsletters": {"count": 8, "percent": 0.05673758865248227}, "statements": {"count": 9, "percent": 0.75}, "tweets": {"count": 0, "percent": 0.0}}}, "credit_claiming": {"count": 31, "percent": 0.16489361702127658, "rank": 86.0, "sources": {"floor": {"count": 0, "percent": 0.0}, "newsletters": {"count": 30, "percent": 0.2127659574468085}, "statements": {"count": 0, "percent": 0.0}, "tweets": {"count": 1, "percent": 0.07142857142857142}}}, "insult": {"count": 24, "percent": 0.1276595744680851, "rank": 41.0, "sources": {"floor": {"count": 0, "percent": 0.0}, "newsletters": {"count": 14, "percent": 0.09929078014184398}, "statements": {"count": 9, "percent": 0.75}, "tweets": {"count": 1, "percent": 0.07142857142857142}}}, "policy": {"count": 81, "percent": 0.4308510638297872, "rank": 285.0, "sources": {"floor": {"count": 15, "percent": 0.7142857142857143}, "newsletters": {"count": 54, "percent": 0.3829787234042553}, "statements": {"count": 2, "percent": 0.16666666666666666}, "tweets": {"count": 10, "percent": 0.7142857142857143}}}, "foreign_policy": {"count": 18, "percent": 0.09574468085106383, "rank": 141.5, "sources": {"floor": {"count": 5, "percent": 0.23809523809523808}, "newsletters": {"count": 12, "percent": 0.0851063829787234}, "statements": {"count": 0, "percent": 0.0}, "tweets": {"count": 1, "percent": 0.07142857142857142}}}, "legislative_discussion": {"count": 36, "percent": 0.19148936170212766, "rank": 313.5, "sources": {"floor": {"count": 8, "percent": 0.38095238095238093}, "newsletters": {"count": 25, "percent": 0.1773049645390071}, "statements": {"count": 0, "percent": 0.0}, "tweets": {"count": 3, "percent": 0.21428571428571427}}}}}