{"first_name": "Andr\u00e9", "last_name": "Carson", "party": "Democrat", "state": "IN", "type": "rep", "twitter": "RepAndreCarson", "district": 7.0, "scorecard": {"blame": {"count": 18, "percent": 0.10588235294117647, "rank": 214.0, "sources": {"floor": {"count": 0, "percent": 0.0}, "newsletters": {"count": 11, "percent": 0.09166666666666666}, "statements": {"count": 7, "percent": 0.30434782608695654}, "tweets": {"count": 0, "percent": 0.0}}}, "compromise": {"count": 16, "percent": 0.09411764705882353, "rank": 100.0, "sources": {"floor": {"count": 6, "percent": 0.25}, "newsletters": {"count": 8, "percent": 0.06666666666666667}, "statements": {"count": 2, "percent": 0.08695652173913043}, "tweets": {"count": 0, "percent": 0.0}}}, "credit_claiming": {"count": 25, "percent": 0.14705882352941177, "rank": 119.0, "sources": {"floor": {"count": 2, "percent": 0.08333333333333333}, "newsletters": {"count": 23, "percent": 0.19166666666666668}, "statements": {"count": 0, "percent": 0.0}, "tweets": {"count": 0, "percent": 0.0}}}, "insult": {"count": 2, "percent": 0.011764705882352941, "rank": 195.0, "sources": {"floor": {"count": 0, "percent": 0.0}, "newsletters": {"count": 0, "percent": 0.0}, "statements": {"count": 2, "percent": 0.08695652173913043}, "tweets": {"count": 0, "percent": 0.0}}}, "policy": {"count": 78, "percent": 0.4588235294117647, "rank": 240.0, "sources": {"floor": {"count": 23, "percent": 0.9583333333333334}, "newsletters": {"count": 44, "percent": 0.36666666666666664}, "statements": {"count": 9, "percent": 0.391304347826087}, "tweets": {"count": 2, "percent": 0.6666666666666666}}}, "foreign_policy": {"count": 4, "percent": 0.023529411764705882, "rank": 328.0, "sources": {"floor": {"count": 2, "percent": 0.08333333333333333}, "newsletters": {"count": 1, "percent": 0.008333333333333333}, "statements": {"count": 1, "percent": 0.043478260869565216}, "tweets": {"count": 0, "percent": 0.0}}}, "legislative_discussion": {"count": 38, "percent": 0.2235294117647059, "rank": 248.0, "sources": {"floor": {"count": 18, "percent": 0.75}, "newsletters": {"count": 16, "percent": 0.13333333333333333}, "statements": {"count": 4, "percent": 0.17391304347826086}, "tweets": {"count": 0, "percent": 0.0}}}}}