{"first_name": "Neal", "last_name": "Dunn", "party": "Republican", "state": "FL", "type": "rep", "twitter": "DrNealDunnFL2", "district": 2.0, "scorecard": {"blame": {"count": 79, "percent": 0.2257142857142857, "rank": 77.0, "sources": {"floor": {"count": 0, "percent": 0.0}, "newsletters": {"count": 8, "percent": 0.039603960396039604}, "statements": {"count": 70, "percent": 0.5303030303030303}, "tweets": {"count": 1, "percent": 0.3333333333333333}}}, "compromise": {"count": 35, "percent": 0.1, "rank": 93.0, "sources": {"floor": {"count": 0, "percent": 0.0}, "newsletters": {"count": 1, "percent": 0.0049504950495049506}, "statements": {"count": 34, "percent": 0.25757575757575757}, "tweets": {"count": 0, "percent": 0.0}}}, "credit_claiming": {"count": 26, "percent": 0.07428571428571429, "rank": 294.0, "sources": {"floor": {"count": 1, "percent": 0.07692307692307693}, "newsletters": {"count": 6, "percent": 0.0297029702970297}, "statements": {"count": 19, "percent": 0.14393939393939395}, "tweets": {"count": 0, "percent": 0.0}}}, "insult": {"count": 55, "percent": 0.15714285714285714, "rank": 34.0, "sources": {"floor": {"count": 0, "percent": 0.0}, "newsletters": {"count": 1, "percent": 0.0049504950495049506}, "statements": {"count": 54, "percent": 0.4090909090909091}, "tweets": {"count": 0, "percent": 0.0}}}, "policy": {"count": 131, "percent": 0.3742857142857143, "rank": 364.0, "sources": {"floor": {"count": 13, "percent": 1.0}, "newsletters": {"count": 42, "percent": 0.2079207920792079}, "statements": {"count": 74, "percent": 0.5606060606060606}, "tweets": {"count": 2, "percent": 0.6666666666666666}}}, "foreign_policy": {"count": 42, "percent": 0.12, "rank": 108.5, "sources": {"floor": {"count": 1, "percent": 0.07692307692307693}, "newsletters": {"count": 8, "percent": 0.039603960396039604}, "statements": {"count": 33, "percent": 0.25}, "tweets": {"count": 0, "percent": 0.0}}}, "legislative_discussion": {"count": 85, "percent": 0.24285714285714285, "rank": 219.5, "sources": {"floor": {"count": 10, "percent": 0.7692307692307693}, "newsletters": {"count": 30, "percent": 0.1485148514851485}, "statements": {"count": 45, "percent": 0.3409090909090909}, "tweets": {"count": 0, "percent": 0.0}}}}}