{"first_name": "Richard", "last_name": "Durbin", "party": "Democrat", "state": "IL", "type": "sen", "twitter": "SenatorDurbin", "district": null, "scorecard": {"blame": {"count": 32, "percent": 0.13445378151260504, "rank": 169.0, "sources": {"floor": {"count": 16, "percent": 0.0893854748603352}, "newsletters": {"count": 12, "percent": 0.36363636363636365}, "statements": {"count": 2, "percent": 0.13333333333333333}, "tweets": {"count": 2, "percent": 0.18181818181818182}}}, "compromise": {"count": 13, "percent": 0.0546218487394958, "rank": 183.0, "sources": {"floor": {"count": 12, "percent": 0.0670391061452514}, "newsletters": {"count": 0, "percent": 0.0}, "statements": {"count": 0, "percent": 0.0}, "tweets": {"count": 1, "percent": 0.09090909090909091}}}, "credit_claiming": {"count": 5, "percent": 0.02100840336134454, "rank": 452.0, "sources": {"floor": {"count": 5, "percent": 0.027932960893854747}, "newsletters": {"count": 0, "percent": 0.0}, "statements": {"count": 0, "percent": 0.0}, "tweets": {"count": 0, "percent": 0.0}}}, "insult": {"count": 1, "percent": 0.004201680672268907, "rank": 250.0, "sources": {"floor": {"count": 0, "percent": 0.0}, "newsletters": {"count": 0, "percent": 0.0}, "statements": {"count": 0, "percent": 0.0}, "tweets": {"count": 1, "percent": 0.09090909090909091}}}, "policy": {"count": 102, "percent": 0.42857142857142855, "rank": 293.5, "sources": {"floor": {"count": 61, "percent": 0.3407821229050279}, "newsletters": {"count": 23, "percent": 0.696969696969697}, "statements": {"count": 13, "percent": 0.8666666666666667}, "tweets": {"count": 5, "percent": 0.45454545454545453}}}, "foreign_policy": {"count": 40, "percent": 0.16806722689075632, "rank": 63.0, "sources": {"floor": {"count": 34, "percent": 0.18994413407821228}, "newsletters": {"count": 6, "percent": 0.18181818181818182}, "statements": {"count": 0, "percent": 0.0}, "tweets": {"count": 0, "percent": 0.0}}}, "legislative_discussion": {"count": 64, "percent": 0.2689075630252101, "rank": 170.0, "sources": {"floor": {"count": 51, "percent": 0.2849162011173184}, "newsletters": {"count": 7, "percent": 0.21212121212121213}, "statements": {"count": 3, "percent": 0.2}, "tweets": {"count": 3, "percent": 0.2727272727272727}}}}}