{"first_name": "Virginia", "last_name": "Foxx", "party": "Republican", "state": "NC", "type": "rep", "twitter": "VirginiaFoxx", "district": 5.0, "scorecard": {"blame": {"count": 62, "percent": 0.33513513513513515, "rank": 30.0, "sources": {"floor": {"count": 20, "percent": 0.36363636363636365}, "newsletters": {"count": 31, "percent": 0.30392156862745096}, "statements": {"count": 11, "percent": 0.4074074074074074}, "tweets": {"count": 0, "percent": 0.0}}}, "compromise": {"count": 1, "percent": 0.005405405405405406, "rank": 406.0, "sources": {"floor": {"count": 0, "percent": 0.0}, "newsletters": {"count": 0, "percent": 0.0}, "statements": {"count": 1, "percent": 0.037037037037037035}, "tweets": {"count": 0, "percent": 0.0}}}, "credit_claiming": {"count": 5, "percent": 0.02702702702702703, "rank": 435.5, "sources": {"floor": {"count": 0, "percent": 0.0}, "newsletters": {"count": 4, "percent": 0.0392156862745098}, "statements": {"count": 1, "percent": 0.037037037037037035}, "tweets": {"count": 0, "percent": 0.0}}}, "insult": {"count": 5, "percent": 0.02702702702702703, "rank": 139.0, "sources": {"floor": {"count": 2, "percent": 0.03636363636363636}, "newsletters": {"count": 0, "percent": 0.0}, "statements": {"count": 3, "percent": 0.1111111111111111}, "tweets": {"count": 0, "percent": 0.0}}}, "policy": {"count": 92, "percent": 0.4972972972972973, "rank": 200.0, "sources": {"floor": {"count": 35, "percent": 0.6363636363636364}, "newsletters": {"count": 45, "percent": 0.4411764705882353}, "statements": {"count": 12, "percent": 0.4444444444444444}, "tweets": {"count": 0, "percent": 0.0}}}, "foreign_policy": {"count": 13, "percent": 0.07027027027027027, "rank": 198.0, "sources": {"floor": {"count": 0, "percent": 0.0}, "newsletters": {"count": 12, "percent": 0.11764705882352941}, "statements": {"count": 1, "percent": 0.037037037037037035}, "tweets": {"count": 0, "percent": 0.0}}}, "legislative_discussion": {"count": 39, "percent": 0.21081081081081082, "rank": 268.0, "sources": {"floor": {"count": 13, "percent": 0.23636363636363636}, "newsletters": {"count": 17, "percent": 0.16666666666666666}, "statements": {"count": 9, "percent": 0.3333333333333333}, "tweets": {"count": 0, "percent": 0.0}}}}}