{"first_name": "Matt", "last_name": "Gaetz", "party": "Republican", "state": "FL", "type": "rep", "twitter": "RepMattGaetz", "district": 1.0, "scorecard": {"blame": {"count": 108, "percent": 0.23736263736263735, "rank": 71.0, "sources": {"floor": {"count": 3, "percent": 0.0967741935483871}, "newsletters": {"count": 63, "percent": 0.31343283582089554}, "statements": {"count": 40, "percent": 0.18181818181818182}, "tweets": {"count": 2, "percent": 0.6666666666666666}}}, "compromise": {"count": 3, "percent": 0.006593406593406593, "rank": 400.0, "sources": {"floor": {"count": 0, "percent": 0.0}, "newsletters": {"count": 1, "percent": 0.004975124378109453}, "statements": {"count": 2, "percent": 0.00909090909090909}, "tweets": {"count": 0, "percent": 0.0}}}, "credit_claiming": {"count": 25, "percent": 0.054945054945054944, "rank": 359.0, "sources": {"floor": {"count": 3, "percent": 0.0967741935483871}, "newsletters": {"count": 17, "percent": 0.0845771144278607}, "statements": {"count": 5, "percent": 0.022727272727272728}, "tweets": {"count": 0, "percent": 0.0}}}, "insult": {"count": 35, "percent": 0.07692307692307693, "rank": 58.5, "sources": {"floor": {"count": 1, "percent": 0.03225806451612903}, "newsletters": {"count": 23, "percent": 0.11442786069651742}, "statements": {"count": 10, "percent": 0.045454545454545456}, "tweets": {"count": 1, "percent": 0.3333333333333333}}}, "policy": {"count": 196, "percent": 0.4307692307692308, "rank": 286.0, "sources": {"floor": {"count": 18, "percent": 0.5806451612903226}, "newsletters": {"count": 92, "percent": 0.4577114427860697}, "statements": {"count": 85, "percent": 0.38636363636363635}, "tweets": {"count": 1, "percent": 0.3333333333333333}}}, "foreign_policy": {"count": 98, "percent": 0.2153846153846154, "rank": 44.0, "sources": {"floor": {"count": 16, "percent": 0.5161290322580645}, "newsletters": {"count": 15, "percent": 0.07462686567164178}, "statements": {"count": 67, "percent": 0.30454545454545456}, "tweets": {"count": 0, "percent": 0.0}}}, "legislative_discussion": {"count": 85, "percent": 0.18681318681318682, "rank": 323.0, "sources": {"floor": {"count": 8, "percent": 0.25806451612903225}, "newsletters": {"count": 33, "percent": 0.16417910447761194}, "statements": {"count": 44, "percent": 0.2}, "tweets": {"count": 0, "percent": 0.0}}}}}