{"first_name": "H.", "last_name": "Griffith", "party": "Republican", "state": "VA", "type": "rep", "twitter": "RepMGriffith", "district": 9.0, "scorecard": {"blame": {"count": 355, "percent": 0.4261704681872749, "rank": 15.0, "sources": {"floor": {"count": 0, "percent": 0.0}, "newsletters": {"count": 65, "percent": 0.23809523809523808}, "statements": {"count": 290, "percent": 0.5461393596986818}, "tweets": {"count": 0, "percent": 0.0}}}, "compromise": {"count": 200, "percent": 0.24009603841536614, "rank": 25.0, "sources": {"floor": {"count": 0, "percent": 0.0}, "newsletters": {"count": 2, "percent": 0.007326007326007326}, "statements": {"count": 198, "percent": 0.3728813559322034}, "tweets": {"count": 0, "percent": 0.0}}}, "credit_claiming": {"count": 49, "percent": 0.058823529411764705, "rank": 349.0, "sources": {"floor": {"count": 1, "percent": 0.037037037037037035}, "newsletters": {"count": 8, "percent": 0.029304029304029304}, "statements": {"count": 40, "percent": 0.07532956685499058}, "tweets": {"count": 0, "percent": 0.0}}}, "insult": {"count": 213, "percent": 0.25570228091236497, "rank": 16.0, "sources": {"floor": {"count": 0, "percent": 0.0}, "newsletters": {"count": 4, "percent": 0.014652014652014652}, "statements": {"count": 209, "percent": 0.3935969868173258}, "tweets": {"count": 0, "percent": 0.0}}}, "policy": {"count": 428, "percent": 0.5138055222088835, "rank": 181.0, "sources": {"floor": {"count": 0, "percent": 0.0}, "newsletters": {"count": 148, "percent": 0.5421245421245421}, "statements": {"count": 279, "percent": 0.5254237288135594}, "tweets": {"count": 1, "percent": 0.5}}}, "foreign_policy": {"count": 7, "percent": 0.008403361344537815, "rank": 380.0, "sources": {"floor": {"count": 0, "percent": 0.0}, "newsletters": {"count": 4, "percent": 0.014652014652014652}, "statements": {"count": 3, "percent": 0.005649717514124294}, "tweets": {"count": 0, "percent": 0.0}}}, "legislative_discussion": {"count": 172, "percent": 0.2064825930372149, "rank": 279.0, "sources": {"floor": {"count": 0, "percent": 0.0}, "newsletters": {"count": 44, "percent": 0.16117216117216118}, "statements": {"count": 128, "percent": 0.24105461393596986}, "tweets": {"count": 0, "percent": 0.0}}}}}