{"first_name": "Robert", "last_name": "Good", "party": "Republican", "state": "VA", "type": "rep", "twitter": "RepBobGood", "district": 5.0, "scorecard": {"blame": {"count": 65, "percent": 0.25793650793650796, "rank": 62.0, "sources": {"floor": {"count": 12, "percent": 0.3157894736842105}, "newsletters": {"count": 49, "percent": 0.24623115577889448}, "statements": {"count": null, "percent": null}, "tweets": {"count": 4, "percent": 0.26666666666666666}}}, "compromise": {"count": 2, "percent": 0.007936507936507936, "rank": 394.0, "sources": {"floor": {"count": 0, "percent": 0.0}, "newsletters": {"count": 1, "percent": 0.005025125628140704}, "statements": {"count": null, "percent": null}, "tweets": {"count": 1, "percent": 0.06666666666666667}}}, "credit_claiming": {"count": 16, "percent": 0.06349206349206349, "rank": 335.0, "sources": {"floor": {"count": 3, "percent": 0.07894736842105263}, "newsletters": {"count": 12, "percent": 0.06030150753768844}, "statements": {"count": null, "percent": null}, "tweets": {"count": 1, "percent": 0.06666666666666667}}}, "insult": {"count": 4, "percent": 0.015873015873015872, "rank": 179.5, "sources": {"floor": {"count": 2, "percent": 0.05263157894736842}, "newsletters": {"count": 2, "percent": 0.010050251256281407}, "statements": {"count": null, "percent": null}, "tweets": {"count": 0, "percent": 0.0}}}, "policy": {"count": 111, "percent": 0.44047619047619047, "rank": 274.0, "sources": {"floor": {"count": 20, "percent": 0.5263157894736842}, "newsletters": {"count": 87, "percent": 0.4371859296482412}, "statements": {"count": null, "percent": null}, "tweets": {"count": 4, "percent": 0.26666666666666666}}}, "foreign_policy": {"count": 10, "percent": 0.03968253968253968, "rank": 287.0, "sources": {"floor": {"count": 2, "percent": 0.05263157894736842}, "newsletters": {"count": 8, "percent": 0.04020100502512563}, "statements": {"count": null, "percent": null}, "tweets": {"count": 0, "percent": 0.0}}}, "legislative_discussion": {"count": 39, "percent": 0.15476190476190477, "rank": 376.0, "sources": {"floor": {"count": 9, "percent": 0.23684210526315788}, "newsletters": {"count": 28, "percent": 0.1407035175879397}, "statements": {"count": null, "percent": null}, "tweets": {"count": 2, "percent": 0.13333333333333333}}}}}