{"first_name": "Bill", "last_name": "Johnson", "party": "Republican", "state": "OH", "type": "rep", "twitter": "RepBillJohnson", "district": 6.0, "scorecard": {"blame": {"count": 40, "percent": 0.12084592145015106, "rank": 185.0, "sources": {"floor": {"count": 0, "percent": 0.0}, "newsletters": {"count": 29, "percent": 0.15025906735751296}, "statements": {"count": 11, "percent": 0.08870967741935484}, "tweets": {"count": 0, "percent": 0.0}}}, "compromise": {"count": 22, "percent": 0.06646525679758308, "rank": 154.0, "sources": {"floor": {"count": 0, "percent": 0.0}, "newsletters": {"count": 3, "percent": 0.015544041450777202}, "statements": {"count": 19, "percent": 0.1532258064516129}, "tweets": {"count": 0, "percent": 0.0}}}, "credit_claiming": {"count": 28, "percent": 0.08459214501510574, "rank": 271.0, "sources": {"floor": {"count": 0, "percent": 0.0}, "newsletters": {"count": 11, "percent": 0.05699481865284974}, "statements": {"count": 17, "percent": 0.13709677419354838}, "tweets": {"count": 0, "percent": 0.0}}}, "insult": {"count": 2, "percent": 0.006042296072507553, "rank": 237.0, "sources": {"floor": {"count": 0, "percent": 0.0}, "newsletters": {"count": 2, "percent": 0.010362694300518135}, "statements": {"count": 0, "percent": 0.0}, "tweets": {"count": 0, "percent": 0.0}}}, "policy": {"count": 169, "percent": 0.5105740181268882, "rank": 183.0, "sources": {"floor": {"count": 10, "percent": 0.9090909090909091}, "newsletters": {"count": 58, "percent": 0.3005181347150259}, "statements": {"count": 101, "percent": 0.8145161290322581}, "tweets": {"count": 0, "percent": 0.0}}}, "foreign_policy": {"count": 28, "percent": 0.08459214501510574, "rank": 164.0, "sources": {"floor": {"count": 1, "percent": 0.09090909090909091}, "newsletters": {"count": 8, "percent": 0.04145077720207254}, "statements": {"count": 19, "percent": 0.1532258064516129}, "tweets": {"count": 0, "percent": 0.0}}}, "legislative_discussion": {"count": 87, "percent": 0.2628398791540785, "rank": 183.0, "sources": {"floor": {"count": 5, "percent": 0.45454545454545453}, "newsletters": {"count": 21, "percent": 0.10880829015544041}, "statements": {"count": 61, "percent": 0.49193548387096775}, "tweets": {"count": 0, "percent": 0.0}}}}}