{"first_name": "Angus", "last_name": "King", "party": "Independent", "state": "ME", "type": "sen", "twitter": "SenAngusKing", "district": null, "scorecard": {"blame": {"count": 3, "percent": 0.01744186046511628, "rank": 415.0, "sources": {"floor": {"count": 2, "percent": 0.04081632653061224}, "newsletters": {"count": 1, "percent": 0.01020408163265306}, "statements": {"count": 0, "percent": 0.0}, "tweets": {"count": 0, "percent": 0.0}}}, "compromise": {"count": 23, "percent": 0.13372093023255813, "rank": 59.0, "sources": {"floor": {"count": 3, "percent": 0.061224489795918366}, "newsletters": {"count": 17, "percent": 0.17346938775510204}, "statements": {"count": 3, "percent": 0.13636363636363635}, "tweets": {"count": 0, "percent": 0.0}}}, "credit_claiming": {"count": 25, "percent": 0.14534883720930233, "rank": 121.0, "sources": {"floor": {"count": 2, "percent": 0.04081632653061224}, "newsletters": {"count": 19, "percent": 0.19387755102040816}, "statements": {"count": 3, "percent": 0.13636363636363635}, "tweets": {"count": 1, "percent": 0.3333333333333333}}}, "insult": {"count": 0, "percent": 0.0, "rank": 396.5, "sources": {"floor": {"count": 0, "percent": 0.0}, "newsletters": {"count": 0, "percent": 0.0}, "statements": {"count": 0, "percent": 0.0}, "tweets": {"count": 0, "percent": 0.0}}}, "policy": {"count": 101, "percent": 0.5872093023255814, "rank": 109.0, "sources": {"floor": {"count": 14, "percent": 0.2857142857142857}, "newsletters": {"count": 65, "percent": 0.6632653061224489}, "statements": {"count": 21, "percent": 0.9545454545454546}, "tweets": {"count": 1, "percent": 0.3333333333333333}}}, "foreign_policy": {"count": 9, "percent": 0.05232558139534884, "rank": 249.0, "sources": {"floor": {"count": 4, "percent": 0.08163265306122448}, "newsletters": {"count": 5, "percent": 0.05102040816326531}, "statements": {"count": 0, "percent": 0.0}, "tweets": {"count": 0, "percent": 0.0}}}, "legislative_discussion": {"count": 56, "percent": 0.32558139534883723, "rank": 96.5, "sources": {"floor": {"count": 7, "percent": 0.14285714285714285}, "newsletters": {"count": 39, "percent": 0.3979591836734694}, "statements": {"count": 10, "percent": 0.45454545454545453}, "tweets": {"count": 0, "percent": 0.0}}}}}