{"first_name": "Ro", "last_name": "Khanna", "party": "Democrat", "state": "CA", "type": "rep", "twitter": "RepRoKhanna", "district": 17.0, "scorecard": {"blame": {"count": 76, "percent": 0.10857142857142857, "rank": 211.0, "sources": {"floor": {"count": 3, "percent": 0.2727272727272727}, "newsletters": {"count": 4, "percent": 0.05405405405405406}, "statements": {"count": 66, "percent": 0.10855263157894737}, "tweets": {"count": 3, "percent": 0.42857142857142855}}}, "compromise": {"count": 43, "percent": 0.06142857142857143, "rank": 165.0, "sources": {"floor": {"count": 1, "percent": 0.09090909090909091}, "newsletters": {"count": 1, "percent": 0.013513513513513514}, "statements": {"count": 40, "percent": 0.06578947368421052}, "tweets": {"count": 1, "percent": 0.14285714285714285}}}, "credit_claiming": {"count": 26, "percent": 0.037142857142857144, "rank": 410.0, "sources": {"floor": {"count": 0, "percent": 0.0}, "newsletters": {"count": 6, "percent": 0.08108108108108109}, "statements": {"count": 20, "percent": 0.03289473684210526}, "tweets": {"count": 0, "percent": 0.0}}}, "insult": {"count": 6, "percent": 0.008571428571428572, "rank": 213.0, "sources": {"floor": {"count": 0, "percent": 0.0}, "newsletters": {"count": 0, "percent": 0.0}, "statements": {"count": 4, "percent": 0.006578947368421052}, "tweets": {"count": 2, "percent": 0.2857142857142857}}}, "policy": {"count": 378, "percent": 0.54, "rank": 146.5, "sources": {"floor": {"count": 8, "percent": 0.7272727272727273}, "newsletters": {"count": 27, "percent": 0.36486486486486486}, "statements": {"count": 339, "percent": 0.5575657894736842}, "tweets": {"count": 4, "percent": 0.5714285714285714}}}, "foreign_policy": {"count": 140, "percent": 0.2, "rank": 53.0, "sources": {"floor": {"count": 3, "percent": 0.2727272727272727}, "newsletters": {"count": 2, "percent": 0.02702702702702703}, "statements": {"count": 135, "percent": 0.22203947368421054}, "tweets": {"count": 0, "percent": 0.0}}}, "legislative_discussion": {"count": 92, "percent": 0.13142857142857142, "rank": 411.0, "sources": {"floor": {"count": 1, "percent": 0.09090909090909091}, "newsletters": {"count": 15, "percent": 0.20270270270270271}, "statements": {"count": 75, "percent": 0.12335526315789473}, "tweets": {"count": 1, "percent": 0.14285714285714285}}}}}