{"first_name": "Ted", "last_name": "Lieu", "party": "Democrat", "state": "CA", "type": "rep", "twitter": "RepTedLieu", "district": 36.0, "scorecard": {"blame": {"count": 20, "percent": 0.07547169811320754, "rank": 272.0, "sources": {"floor": {"count": 8, "percent": 0.24242424242424243}, "newsletters": {"count": 5, "percent": 0.04504504504504504}, "statements": {"count": 6, "percent": 0.05084745762711865}, "tweets": {"count": 1, "percent": 0.3333333333333333}}}, "compromise": {"count": 7, "percent": 0.026415094339622643, "rank": 298.0, "sources": {"floor": {"count": 3, "percent": 0.09090909090909091}, "newsletters": {"count": 1, "percent": 0.009009009009009009}, "statements": {"count": 3, "percent": 0.025423728813559324}, "tweets": {"count": 0, "percent": 0.0}}}, "credit_claiming": {"count": 37, "percent": 0.13962264150943396, "rank": 133.0, "sources": {"floor": {"count": 2, "percent": 0.06060606060606061}, "newsletters": {"count": 23, "percent": 0.2072072072072072}, "statements": {"count": 12, "percent": 0.1016949152542373}, "tweets": {"count": 0, "percent": 0.0}}}, "insult": {"count": 5, "percent": 0.018867924528301886, "rank": 162.0, "sources": {"floor": {"count": 2, "percent": 0.06060606060606061}, "newsletters": {"count": 0, "percent": 0.0}, "statements": {"count": 3, "percent": 0.025423728813559324}, "tweets": {"count": 0, "percent": 0.0}}}, "policy": {"count": 96, "percent": 0.3622641509433962, "rank": 376.0, "sources": {"floor": {"count": 13, "percent": 0.3939393939393939}, "newsletters": {"count": 42, "percent": 0.3783783783783784}, "statements": {"count": 40, "percent": 0.3389830508474576}, "tweets": {"count": 1, "percent": 0.3333333333333333}}}, "foreign_policy": {"count": 14, "percent": 0.052830188679245285, "rank": 247.0, "sources": {"floor": {"count": 5, "percent": 0.15151515151515152}, "newsletters": {"count": 4, "percent": 0.036036036036036036}, "statements": {"count": 5, "percent": 0.0423728813559322}, "tweets": {"count": 0, "percent": 0.0}}}, "legislative_discussion": {"count": 34, "percent": 0.12830188679245283, "rank": 417.0, "sources": {"floor": {"count": 8, "percent": 0.24242424242424243}, "newsletters": {"count": 16, "percent": 0.14414414414414414}, "statements": {"count": 10, "percent": 0.0847457627118644}, "tweets": {"count": 0, "percent": 0.0}}}}}