{"first_name": "Robert", "last_name": "Latta", "party": "Republican", "state": "OH", "type": "rep", "twitter": "BobLatta", "district": 5.0, "scorecard": {"blame": {"count": 77, "percent": 0.23765432098765432, "rank": 70.0, "sources": {"floor": {"count": 0, "percent": 0.0}, "newsletters": {"count": 0, "percent": 0.0}, "statements": {"count": 75, "percent": 0.36231884057971014}, "tweets": {"count": 2, "percent": 0.2857142857142857}}}, "compromise": {"count": 77, "percent": 0.23765432098765432, "rank": 26.0, "sources": {"floor": {"count": 6, "percent": 0.09523809523809523}, "newsletters": {"count": 4, "percent": 0.0851063829787234}, "statements": {"count": 67, "percent": 0.32367149758454106}, "tweets": {"count": 0, "percent": 0.0}}}, "credit_claiming": {"count": 70, "percent": 0.21604938271604937, "rank": 44.0, "sources": {"floor": {"count": 2, "percent": 0.031746031746031744}, "newsletters": {"count": 5, "percent": 0.10638297872340426}, "statements": {"count": 63, "percent": 0.30434782608695654}, "tweets": {"count": 0, "percent": 0.0}}}, "insult": {"count": 54, "percent": 0.16666666666666666, "rank": 32.0, "sources": {"floor": {"count": 0, "percent": 0.0}, "newsletters": {"count": 0, "percent": 0.0}, "statements": {"count": 54, "percent": 0.2608695652173913}, "tweets": {"count": 0, "percent": 0.0}}}, "policy": {"count": 234, "percent": 0.7222222222222222, "rank": 29.0, "sources": {"floor": {"count": 37, "percent": 0.5873015873015873}, "newsletters": {"count": 21, "percent": 0.44680851063829785}, "statements": {"count": 173, "percent": 0.8357487922705314}, "tweets": {"count": 3, "percent": 0.42857142857142855}}}, "foreign_policy": {"count": 29, "percent": 0.08950617283950617, "rank": 154.0, "sources": {"floor": {"count": 3, "percent": 0.047619047619047616}, "newsletters": {"count": 4, "percent": 0.0851063829787234}, "statements": {"count": 22, "percent": 0.10628019323671498}, "tweets": {"count": 0, "percent": 0.0}}}, "legislative_discussion": {"count": 159, "percent": 0.49074074074074076, "rank": 16.0, "sources": {"floor": {"count": 33, "percent": 0.5238095238095238}, "newsletters": {"count": 12, "percent": 0.2553191489361702}, "statements": {"count": 114, "percent": 0.5507246376811594}, "tweets": {"count": 0, "percent": 0.0}}}}}