{"first_name": "Blaine", "last_name": "Luetkemeyer", "party": "Republican", "state": "MO", "type": "rep", "twitter": "RepBlaine", "district": 3.0, "scorecard": {"blame": {"count": 91, "percent": 0.1404320987654321, "rank": 160.0, "sources": {"floor": {"count": 0, "percent": 0.0}, "newsletters": {"count": 12, "percent": 0.12244897959183673}, "statements": {"count": 79, "percent": 0.15612648221343872}, "tweets": {"count": 0, "percent": 0.0}}}, "compromise": {"count": 16, "percent": 0.024691358024691357, "rank": 307.0, "sources": {"floor": {"count": 1, "percent": 0.023809523809523808}, "newsletters": {"count": 2, "percent": 0.02040816326530612}, "statements": {"count": 13, "percent": 0.025691699604743084}, "tweets": {"count": 0, "percent": 0.0}}}, "credit_claiming": {"count": 46, "percent": 0.07098765432098765, "rank": 308.0, "sources": {"floor": {"count": 2, "percent": 0.047619047619047616}, "newsletters": {"count": 7, "percent": 0.07142857142857142}, "statements": {"count": 37, "percent": 0.07312252964426877}, "tweets": {"count": 0, "percent": 0.0}}}, "insult": {"count": 5, "percent": 0.007716049382716049, "rank": 218.0, "sources": {"floor": {"count": 0, "percent": 0.0}, "newsletters": {"count": 1, "percent": 0.01020408163265306}, "statements": {"count": 4, "percent": 0.007905138339920948}, "tweets": {"count": 0, "percent": 0.0}}}, "policy": {"count": 364, "percent": 0.5617283950617284, "rank": 130.0, "sources": {"floor": {"count": 7, "percent": 0.16666666666666666}, "newsletters": {"count": 60, "percent": 0.6122448979591837}, "statements": {"count": 297, "percent": 0.5869565217391305}, "tweets": {"count": 0, "percent": 0.0}}}, "foreign_policy": {"count": 99, "percent": 0.1527777777777778, "rank": 76.0, "sources": {"floor": {"count": 0, "percent": 0.0}, "newsletters": {"count": 17, "percent": 0.17346938775510204}, "statements": {"count": 82, "percent": 0.16205533596837945}, "tweets": {"count": 0, "percent": 0.0}}}, "legislative_discussion": {"count": 171, "percent": 0.2638888888888889, "rank": 180.0, "sources": {"floor": {"count": 5, "percent": 0.11904761904761904}, "newsletters": {"count": 31, "percent": 0.3163265306122449}, "statements": {"count": 135, "percent": 0.26679841897233203}, "tweets": {"count": 0, "percent": 0.0}}}}}