{"first_name": "Joe", "last_name": "Manchin", "party": "Democrat", "state": "WV", "type": "sen", "twitter": "Sen_JoeManchin", "district": null, "scorecard": {"blame": {"count": 2, "percent": 0.010582010582010581, "rank": 438.0, "sources": {"floor": {"count": 2, "percent": 0.11764705882352941}, "newsletters": {"count": 0, "percent": 0.0}, "statements": {"count": 0, "percent": 0.0}, "tweets": {"count": 0, "percent": 0.0}}}, "compromise": {"count": 14, "percent": 0.07407407407407407, "rank": 134.0, "sources": {"floor": {"count": 4, "percent": 0.23529411764705882}, "newsletters": {"count": 8, "percent": 0.05194805194805195}, "statements": {"count": 1, "percent": 0.14285714285714285}, "tweets": {"count": 1, "percent": 0.09090909090909091}}}, "credit_claiming": {"count": 39, "percent": 0.20634920634920634, "rank": 49.0, "sources": {"floor": {"count": 1, "percent": 0.058823529411764705}, "newsletters": {"count": 25, "percent": 0.16233766233766234}, "statements": {"count": 5, "percent": 0.7142857142857143}, "tweets": {"count": 8, "percent": 0.7272727272727273}}}, "insult": {"count": 9, "percent": 0.047619047619047616, "rank": 90.0, "sources": {"floor": {"count": 0, "percent": 0.0}, "newsletters": {"count": 0, "percent": 0.0}, "statements": {"count": 0, "percent": 0.0}, "tweets": {"count": 9, "percent": 0.8181818181818182}}}, "policy": {"count": 71, "percent": 0.37566137566137564, "rank": 360.0, "sources": {"floor": {"count": 5, "percent": 0.29411764705882354}, "newsletters": {"count": 58, "percent": 0.37662337662337664}, "statements": {"count": 3, "percent": 0.42857142857142855}, "tweets": {"count": 5, "percent": 0.45454545454545453}}}, "foreign_policy": {"count": 13, "percent": 0.06878306878306878, "rank": 203.0, "sources": {"floor": {"count": 4, "percent": 0.23529411764705882}, "newsletters": {"count": 0, "percent": 0.0}, "statements": {"count": 0, "percent": 0.0}, "tweets": {"count": 9, "percent": 0.8181818181818182}}}, "legislative_discussion": {"count": 18, "percent": 0.09523809523809523, "rank": 448.5, "sources": {"floor": {"count": 1, "percent": 0.058823529411764705}, "newsletters": {"count": 16, "percent": 0.1038961038961039}, "statements": {"count": 0, "percent": 0.0}, "tweets": {"count": 1, "percent": 0.09090909090909091}}}}}