{"first_name": "Donald", "last_name": "Payne", "party": "Democrat", "state": "NJ", "type": "rep", "twitter": "RepDonaldPayne", "district": 10.0, "scorecard": {"blame": {"count": 49, "percent": 0.1991869918699187, "rank": 95.0, "sources": {"floor": {"count": 10, "percent": 0.08849557522123894}, "newsletters": {"count": 0, "percent": 0.0}, "statements": {"count": 39, "percent": 0.47560975609756095}, "tweets": {"count": 0, "percent": 0.0}}}, "compromise": {"count": 17, "percent": 0.06910569105691057, "rank": 144.0, "sources": {"floor": {"count": 6, "percent": 0.05309734513274336}, "newsletters": {"count": 1, "percent": 0.02040816326530612}, "statements": {"count": 10, "percent": 0.12195121951219512}, "tweets": {"count": 0, "percent": 0.0}}}, "credit_claiming": {"count": 33, "percent": 0.13414634146341464, "rank": 145.0, "sources": {"floor": {"count": 10, "percent": 0.08849557522123894}, "newsletters": {"count": 7, "percent": 0.14285714285714285}, "statements": {"count": 16, "percent": 0.1951219512195122}, "tweets": {"count": 0, "percent": 0.0}}}, "insult": {"count": 31, "percent": 0.12601626016260162, "rank": 44.0, "sources": {"floor": {"count": 8, "percent": 0.07079646017699115}, "newsletters": {"count": 0, "percent": 0.0}, "statements": {"count": 23, "percent": 0.2804878048780488}, "tweets": {"count": 0, "percent": 0.0}}}, "policy": {"count": 132, "percent": 0.5365853658536586, "rank": 149.5, "sources": {"floor": {"count": 59, "percent": 0.5221238938053098}, "newsletters": {"count": 19, "percent": 0.3877551020408163}, "statements": {"count": 53, "percent": 0.6463414634146342}, "tweets": {"count": 1, "percent": 0.5}}}, "foreign_policy": {"count": 13, "percent": 0.052845528455284556, "rank": 246.0, "sources": {"floor": {"count": 3, "percent": 0.02654867256637168}, "newsletters": {"count": 0, "percent": 0.0}, "statements": {"count": 10, "percent": 0.12195121951219512}, "tweets": {"count": 0, "percent": 0.0}}}, "legislative_discussion": {"count": 80, "percent": 0.3252032520325203, "rank": 98.0, "sources": {"floor": {"count": 39, "percent": 0.34513274336283184}, "newsletters": {"count": 9, "percent": 0.1836734693877551}, "statements": {"count": 32, "percent": 0.3902439024390244}, "tweets": {"count": 0, "percent": 0.0}}}}}