{"first_name": "Frank", "last_name": "Pallone", "party": "Democrat", "state": "NJ", "type": "rep", "twitter": "FrankPallone", "district": 6.0, "scorecard": {"blame": {"count": 17, "percent": 0.09239130434782608, "rank": 236.0, "sources": {"floor": {"count": 3, "percent": 0.043478260869565216}, "newsletters": {"count": 9, "percent": 0.1323529411764706}, "statements": {"count": 2, "percent": 0.06896551724137931}, "tweets": {"count": 3, "percent": 0.16666666666666666}}}, "compromise": {"count": 24, "percent": 0.13043478260869565, "rank": 66.0, "sources": {"floor": {"count": 15, "percent": 0.21739130434782608}, "newsletters": {"count": 5, "percent": 0.07352941176470588}, "statements": {"count": 3, "percent": 0.10344827586206896}, "tweets": {"count": 1, "percent": 0.05555555555555555}}}, "credit_claiming": {"count": 28, "percent": 0.15217391304347827, "rank": 111.0, "sources": {"floor": {"count": 6, "percent": 0.08695652173913043}, "newsletters": {"count": 13, "percent": 0.19117647058823528}, "statements": {"count": 8, "percent": 0.27586206896551724}, "tweets": {"count": 1, "percent": 0.05555555555555555}}}, "insult": {"count": 1, "percent": 0.005434782608695652, "rank": 246.0, "sources": {"floor": {"count": 0, "percent": 0.0}, "newsletters": {"count": 1, "percent": 0.014705882352941176}, "statements": {"count": 0, "percent": 0.0}, "tweets": {"count": 0, "percent": 0.0}}}, "policy": {"count": 138, "percent": 0.75, "rank": 20.5, "sources": {"floor": {"count": 58, "percent": 0.8405797101449275}, "newsletters": {"count": 50, "percent": 0.7352941176470589}, "statements": {"count": 22, "percent": 0.7586206896551724}, "tweets": {"count": 8, "percent": 0.4444444444444444}}}, "foreign_policy": {"count": 8, "percent": 0.043478260869565216, "rank": 276.5, "sources": {"floor": {"count": 4, "percent": 0.057971014492753624}, "newsletters": {"count": 4, "percent": 0.058823529411764705}, "statements": {"count": 0, "percent": 0.0}, "tweets": {"count": 0, "percent": 0.0}}}, "legislative_discussion": {"count": 95, "percent": 0.5163043478260869, "rank": 11.0, "sources": {"floor": {"count": 46, "percent": 0.6666666666666666}, "newsletters": {"count": 34, "percent": 0.5}, "statements": {"count": 9, "percent": 0.3103448275862069}, "tweets": {"count": 6, "percent": 0.3333333333333333}}}}}