{"first_name": "Jimmy", "last_name": "Panetta", "party": "Democrat", "state": "CA", "type": "rep", "twitter": "RepJimmyPanetta", "district": 19.0, "scorecard": {"blame": {"count": 321, "percent": 0.28482697426796805, "rank": 46.0, "sources": {"floor": {"count": 0, "percent": 0.0}, "newsletters": {"count": 2, "percent": 0.017543859649122806}, "statements": {"count": 319, "percent": 0.32222222222222224}, "tweets": {"count": 0, "percent": 0.0}}}, "compromise": {"count": 394, "percent": 0.34960070984915703, "rank": 13.0, "sources": {"floor": {"count": 0, "percent": 0.0}, "newsletters": {"count": 19, "percent": 0.16666666666666666}, "statements": {"count": 371, "percent": 0.3747474747474748}, "tweets": {"count": 4, "percent": 0.2857142857142857}}}, "credit_claiming": {"count": 184, "percent": 0.16326530612244897, "rank": 91.0, "sources": {"floor": {"count": 0, "percent": 0.0}, "newsletters": {"count": 24, "percent": 0.21052631578947367}, "statements": {"count": 159, "percent": 0.1606060606060606}, "tweets": {"count": 1, "percent": 0.07142857142857142}}}, "insult": {"count": 265, "percent": 0.23513753327417924, "rank": 20.0, "sources": {"floor": {"count": 0, "percent": 0.0}, "newsletters": {"count": 0, "percent": 0.0}, "statements": {"count": 265, "percent": 0.2676767676767677}, "tweets": {"count": 0, "percent": 0.0}}}, "policy": {"count": 847, "percent": 0.7515527950310559, "rank": 18.0, "sources": {"floor": {"count": 0, "percent": 0.0}, "newsletters": {"count": 56, "percent": 0.49122807017543857}, "statements": {"count": 788, "percent": 0.795959595959596}, "tweets": {"count": 3, "percent": 0.21428571428571427}}}, "foreign_policy": {"count": 147, "percent": 0.13043478260869565, "rank": 95.0, "sources": {"floor": {"count": 0, "percent": 0.0}, "newsletters": {"count": 7, "percent": 0.06140350877192982}, "statements": {"count": 140, "percent": 0.1414141414141414}, "tweets": {"count": 0, "percent": 0.0}}}, "legislative_discussion": {"count": 511, "percent": 0.453416149068323, "rank": 27.0, "sources": {"floor": {"count": 0, "percent": 0.0}, "newsletters": {"count": 34, "percent": 0.2982456140350877}, "statements": {"count": 475, "percent": 0.4797979797979798}, "tweets": {"count": 2, "percent": 0.14285714285714285}}}}}