{"first_name": "Bradley", "last_name": "Schneider", "party": "Democrat", "state": "IL", "type": "rep", "twitter": "RepSchneider", "district": 10.0, "scorecard": {"blame": {"count": 37, "percent": 0.0417607223476298, "rank": 349.0, "sources": {"floor": {"count": 5, "percent": 0.3125}, "newsletters": {"count": 13, "percent": 0.059907834101382486}, "statements": {"count": 19, "percent": 0.029185867895545316}, "tweets": {"count": 0, "percent": 0.0}}}, "compromise": {"count": 54, "percent": 0.060948081264108354, "rank": 169.0, "sources": {"floor": {"count": 1, "percent": 0.0625}, "newsletters": {"count": 10, "percent": 0.04608294930875576}, "statements": {"count": 43, "percent": 0.06605222734254992}, "tweets": {"count": 0, "percent": 0.0}}}, "credit_claiming": {"count": 60, "percent": 0.06772009029345373, "rank": 314.0, "sources": {"floor": {"count": 0, "percent": 0.0}, "newsletters": {"count": 17, "percent": 0.07834101382488479}, "statements": {"count": 43, "percent": 0.06605222734254992}, "tweets": {"count": 0, "percent": 0.0}}}, "insult": {"count": 2, "percent": 0.002257336343115124, "rank": 261.0, "sources": {"floor": {"count": 0, "percent": 0.0}, "newsletters": {"count": 1, "percent": 0.004608294930875576}, "statements": {"count": 1, "percent": 0.0015360983102918587}, "tweets": {"count": 0, "percent": 0.0}}}, "policy": {"count": 284, "percent": 0.32054176072234764, "rank": 407.0, "sources": {"floor": {"count": 14, "percent": 0.875}, "newsletters": {"count": 72, "percent": 0.3317972350230415}, "statements": {"count": 198, "percent": 0.30414746543778803}, "tweets": {"count": 0, "percent": 0.0}}}, "foreign_policy": {"count": 86, "percent": 0.09706546275395034, "rank": 139.0, "sources": {"floor": {"count": 0, "percent": 0.0}, "newsletters": {"count": 24, "percent": 0.11059907834101383}, "statements": {"count": 62, "percent": 0.09523809523809523}, "tweets": {"count": 0, "percent": 0.0}}}, "legislative_discussion": {"count": 111, "percent": 0.1252821670428894, "rank": 420.0, "sources": {"floor": {"count": 4, "percent": 0.25}, "newsletters": {"count": 32, "percent": 0.14746543778801843}, "statements": {"count": 75, "percent": 0.1152073732718894}, "tweets": {"count": 0, "percent": 0.0}}}}}