{"first_name": "Glenn", "last_name": "Thompson", "party": "Republican", "state": "PA", "type": "rep", "twitter": "CongressmanGT", "district": 15.0, "scorecard": {"blame": {"count": 65, "percent": 0.1790633608815427, "rank": 115.0, "sources": {"floor": {"count": 2, "percent": 0.03225806451612903}, "newsletters": {"count": 13, "percent": 0.14606741573033707}, "statements": {"count": 50, "percent": 0.23696682464454977}, "tweets": {"count": 0, "percent": 0.0}}}, "compromise": {"count": 71, "percent": 0.19559228650137742, "rank": 33.0, "sources": {"floor": {"count": 3, "percent": 0.04838709677419355}, "newsletters": {"count": 7, "percent": 0.07865168539325842}, "statements": {"count": 61, "percent": 0.2890995260663507}, "tweets": {"count": 0, "percent": 0.0}}}, "credit_claiming": {"count": 23, "percent": 0.06336088154269973, "rank": 336.0, "sources": {"floor": {"count": 2, "percent": 0.03225806451612903}, "newsletters": {"count": 10, "percent": 0.11235955056179775}, "statements": {"count": 11, "percent": 0.052132701421800945}, "tweets": {"count": 0, "percent": 0.0}}}, "insult": {"count": 46, "percent": 0.12672176308539945, "rank": 42.0, "sources": {"floor": {"count": 1, "percent": 0.016129032258064516}, "newsletters": {"count": 0, "percent": 0.0}, "statements": {"count": 45, "percent": 0.2132701421800948}, "tweets": {"count": 0, "percent": 0.0}}}, "policy": {"count": 161, "percent": 0.44352617079889806, "rank": 267.0, "sources": {"floor": {"count": 15, "percent": 0.24193548387096775}, "newsletters": {"count": 42, "percent": 0.47191011235955055}, "statements": {"count": 104, "percent": 0.4928909952606635}, "tweets": {"count": 0, "percent": 0.0}}}, "foreign_policy": {"count": 7, "percent": 0.01928374655647383, "rank": 346.0, "sources": {"floor": {"count": 1, "percent": 0.016129032258064516}, "newsletters": {"count": 6, "percent": 0.06741573033707865}, "statements": {"count": 0, "percent": 0.0}, "tweets": {"count": 0, "percent": 0.0}}}, "legislative_discussion": {"count": 93, "percent": 0.256198347107438, "rank": 193.0, "sources": {"floor": {"count": 6, "percent": 0.0967741935483871}, "newsletters": {"count": 19, "percent": 0.21348314606741572}, "statements": {"count": 68, "percent": 0.3222748815165877}, "tweets": {"count": 0, "percent": 0.0}}}}}