{"first_name": "Roger", "last_name": "Wicker", "party": "Republican", "state": "MS", "type": "sen", "twitter": "SenatorWicker", "district": null, "scorecard": {"blame": {"count": 21, "percent": 0.07664233576642336, "rank": 271.0, "sources": {"floor": {"count": 2, "percent": 0.018867924528301886}, "newsletters": {"count": 14, "percent": 0.10071942446043165}, "statements": {"count": 4, "percent": 0.2857142857142857}, "tweets": {"count": 1, "percent": 0.06666666666666667}}}, "compromise": {"count": 15, "percent": 0.05474452554744526, "rank": 182.0, "sources": {"floor": {"count": 13, "percent": 0.12264150943396226}, "newsletters": {"count": 2, "percent": 0.014388489208633094}, "statements": {"count": 0, "percent": 0.0}, "tweets": {"count": 0, "percent": 0.0}}}, "credit_claiming": {"count": 29, "percent": 0.10583941605839416, "rank": 215.0, "sources": {"floor": {"count": 8, "percent": 0.07547169811320754}, "newsletters": {"count": 20, "percent": 0.14388489208633093}, "statements": {"count": 0, "percent": 0.0}, "tweets": {"count": 1, "percent": 0.06666666666666667}}}, "insult": {"count": 1, "percent": 0.0036496350364963502, "rank": 254.0, "sources": {"floor": {"count": 0, "percent": 0.0}, "newsletters": {"count": 0, "percent": 0.0}, "statements": {"count": 0, "percent": 0.0}, "tweets": {"count": 1, "percent": 0.06666666666666667}}}, "policy": {"count": 158, "percent": 0.5766423357664233, "rank": 115.0, "sources": {"floor": {"count": 56, "percent": 0.5283018867924528}, "newsletters": {"count": 84, "percent": 0.60431654676259}, "statements": {"count": 13, "percent": 0.9285714285714286}, "tweets": {"count": 5, "percent": 0.3333333333333333}}}, "foreign_policy": {"count": 59, "percent": 0.21532846715328466, "rank": 45.0, "sources": {"floor": {"count": 38, "percent": 0.3584905660377358}, "newsletters": {"count": 20, "percent": 0.14388489208633093}, "statements": {"count": 1, "percent": 0.07142857142857142}, "tweets": {"count": 0, "percent": 0.0}}}, "legislative_discussion": {"count": 93, "percent": 0.33941605839416056, "rank": 81.0, "sources": {"floor": {"count": 43, "percent": 0.4056603773584906}, "newsletters": {"count": 48, "percent": 0.34532374100719426}, "statements": {"count": 0, "percent": 0.0}, "tweets": {"count": 2, "percent": 0.13333333333333333}}}}}