{"first_name": "Bruce", "last_name": "Westerman", "party": "Republican", "state": "AR", "type": "rep", "twitter": "RepWesterman", "district": 4.0, "scorecard": {"blame": {"count": 64, "percent": 0.15609756097560976, "rank": 142.0, "sources": {"floor": {"count": 28, "percent": 0.2014388489208633}, "newsletters": {"count": 15, "percent": 0.09036144578313253}, "statements": {"count": 21, "percent": 0.20192307692307693}, "tweets": {"count": 0, "percent": 0.0}}}, "compromise": {"count": 18, "percent": 0.04390243902439024, "rank": 219.0, "sources": {"floor": {"count": 8, "percent": 0.05755395683453238}, "newsletters": {"count": 8, "percent": 0.04819277108433735}, "statements": {"count": 2, "percent": 0.019230769230769232}, "tweets": {"count": 0, "percent": 0.0}}}, "credit_claiming": {"count": 35, "percent": 0.08536585365853659, "rank": 268.5, "sources": {"floor": {"count": 1, "percent": 0.007194244604316547}, "newsletters": {"count": 19, "percent": 0.1144578313253012}, "statements": {"count": 15, "percent": 0.14423076923076922}, "tweets": {"count": 0, "percent": 0.0}}}, "insult": {"count": 0, "percent": 0.0, "rank": 396.5, "sources": {"floor": {"count": 0, "percent": 0.0}, "newsletters": {"count": 0, "percent": 0.0}, "statements": {"count": 0, "percent": 0.0}, "tweets": {"count": 0, "percent": 0.0}}}, "policy": {"count": 213, "percent": 0.5195121951219512, "rank": 174.0, "sources": {"floor": {"count": 59, "percent": 0.4244604316546763}, "newsletters": {"count": 84, "percent": 0.5060240963855421}, "statements": {"count": 70, "percent": 0.6730769230769231}, "tweets": {"count": 0, "percent": 0.0}}}, "foreign_policy": {"count": 18, "percent": 0.04390243902439024, "rank": 272.0, "sources": {"floor": {"count": 3, "percent": 0.02158273381294964}, "newsletters": {"count": 7, "percent": 0.04216867469879518}, "statements": {"count": 8, "percent": 0.07692307692307693}, "tweets": {"count": 0, "percent": 0.0}}}, "legislative_discussion": {"count": 97, "percent": 0.23658536585365852, "rank": 228.0, "sources": {"floor": {"count": 20, "percent": 0.14388489208633093}, "newsletters": {"count": 49, "percent": 0.29518072289156627}, "statements": {"count": 28, "percent": 0.2692307692307692}, "tweets": {"count": 0, "percent": 0.0}}}}}