{
    "x": [
        0.0,
        1.0,
        2.0,
        3.0,
        4.0,
        5.0,
        6.0,
        7.0,
        8.0,
        9.0,
        10.0,
        11.0,
        12.0,
        13.0,
        14.0,
        15.0,
        16.0,
        17.0,
        18.0,
        19.0,
        20.0,
        21.0,
        22.0,
        23.0,
        24.0,
        25.0,
        26.0,
        27.0,
        28.0,
        29.0,
        30.0,
        31.0,
        32.0,
        33.0,
        34.0,
        35.0,
        36.0,
        37.0,
        38.0,
        39.0,
        40.0,
        41.0,
        42.0,
        43.0,
        44.0,
        45.0,
        46.0,
        47.0,
        48.0,
        49.0,
        50.0,
        51.0,
        52.0,
        53.0,
        54.0,
        55.0,
        56.0,
        57.0,
        58.0,
        59.0,
        60.0,
        61.0,
        62.0,
        63.0,
        64.0,
        65.0,
        66.0,
        67.0,
        68.0,
        69.0,
        70.0,
        71.0,
        72.0,
        73.0,
        74.0,
        75.0,
        76.0,
        77.0,
        78.0,
        79.0,
        80.0,
        81.0,
        82.0,
        83.0,
        84.0,
        85.0,
        86.0,
        87.0,
        88.0,
        89.0,
        90.0,
        91.0,
        92.0,
        93.0,
        94.0,
        95.0,
        96.0,
        97.0,
        98.0,
        99.0,
        100.0
    ],
    "demtherm": [
        0.04101008749011081,
        0.04272697858829785,
        0.04150970905820566,
        0.038108848252441194,
        0.03370157581215894,
        0.029431311225058248,
        0.026051754248962077,
        0.023791820856206944,
        0.022431082542378817,
        0.02150457908593972,
        0.020542077564782452,
        0.0192580591072892,
        0.017633745984810212,
        0.015876884538797105,
        0.014297241576239007,
        0.013165109852482204,
        0.012610063022136856,
        0.012584653440886572,
        0.012891058234363912,
        0.013256183773301223,
        0.013431004761029049,
        0.013277966147101526,
        0.0128093749746657,
        0.012161829306577965,
        0.011525515698414633,
        0.011066218928276616,
        0.01087008814554645,
        0.0109211779676235,
        0.011110362621182493,
        0.011273425458714967,
        0.011251929002665419,
        0.010957006183141906,
        0.010406739945341073,
        0.009717538857431414,
        0.009054790050752187,
        0.008568025019701617,
        0.00833758304860756,
        0.008348965368385365,
        0.008500560909120637,
        0.00864333123719637,
        0.008641671167981922,
        0.008432759659422575,
        0.008057445516618328,
        0.007647213026394736,
        0.007372828711218799,
        0.007375941015775229,
        0.007707935319212642,
        0.008296241233285854,
        0.008953194592870334,
        0.009432766662127851,
        0.009520207839353145,
        0.009116725126981428,
        0.008276126441317668,
        0.007174330695734894,
        0.006031392933753117,
        0.005029916431757598,
        0.00426714396115564,
        0.003751142771990881,
        0.0034277258394210747,
        0.0032175105136780374,
        0.003048016187328246,
        0.00287360645452559,
        0.002681305259300494,
        0.0024841353416544918,
        0.002306949808737601,
        0.0021714598237327,
        0.0020859346820974517,
        0.002041939290079289,
        0.002017744441678951,
        0.00198651873454978,
        0.0019263262735550956,
        0.0018280588657144578,
        0.0016978590194821016,
        0.0015531387323959004,
        0.001414652862485751,
        0.001298731068359087,
        0.001212669524656218,
        0.001153915567866011,
        0.0011121848557793395,
        0.0010734963818529045,
        0.0010251418320446342,
        0.0009600762448206127,
        0.0008788948958142499,
        0.0007885114756755518,
        0.0006985140598973082,
        0.0006173507205715642,
        0.0005500123155289834,
        0.0004974781450759506,
        0.00045732640161330314,
        0.00042506042710235706,
        0.0003960754597160136,
        0.0003679794042529722,
        0.00034237337795881364,
        0.0003249935787900579,
        0.00032368298475991304,
        0.0003446333757692891,
        0.00038820875257974377,
        0.00044620771386540446,
        0.0005024088934177176,
        0.0005371943070871789,
        0.0005348933252932879
    ],
    "reptherm": [
        0.0004983717026737539,
        0.0005437507528185906,
        0.0005598578063161203,
        0.0005570319661278267,
        0.000551618490389024,
        0.0005592329484552673,
        0.0005885815650160914,
        0.0006377016395388656,
        0.0006939084204660357,
        0.0007383196190430013,
        0.0007541877950930912,
        0.000735561744151202,
        0.0006915267425661154,
        0.0006434261179469063,
        0.0006166293008102273,
        0.0006310467874127391,
        0.0006940891107165577,
        0.0007979190609426112,
        0.0009218520278410887,
        0.0010400918098870003,
        0.001132755980808951,
        0.001195059803813293,
        0.0012392835275564027,
        0.0012885695467146122,
        0.0013669875642698269,
        0.0014911270210341135,
        0.001664560986639148,
        0.0018738321752857531,
        0.0020872372811142166,
        0.0022614643871106447,
        0.0023585182574983672,
        0.0023662673351549776,
        0.0023097568317748743,
        0.0022450139848465725,
        0.002238539101758542,
        0.0023429236186909624,
        0.0025773714613104514,
        0.0029174974641313113,
        0.003298273211451119,
        0.003634392025507274,
        0.003856097843695299,
        0.003946920180368658,
        0.0039643663939209865,
        0.004032690752727393,
        0.004310294087962024,
        0.004939937708484138,
        0.005988768690770531,
        0.00739153056301825,
        0.008927420945110393,
        0.010266089911280673,
        0.011086556216388606,
        0.011217259242564148,
        0.010716428258910225,
        0.009844797212092166,
        0.008952721187845727,
        0.008349203720592554,
        0.00820972924106232,
        0.008540648918420853,
        0.00919444274979226,
        0.009929659077951148,
        0.01050512510202515,
        0.010777460602591138,
        0.010757144912000667,
        0.010596916336045021,
        0.010525565482004676,
        0.010763249443810378,
        0.011446489447515923,
        0.012575926207680043,
        0.014001922175973252,
        0.015468611629734494,
        0.016714775722448172,
        0.01758490758986604,
        0.01808478186119911,
        0.01835472133092074,
        0.01859514470274116,
        0.018996731319327047,
        0.01968959901536357,
        0.020692548579079578,
        0.021866133191240263,
        0.02291979207902941,
        0.023515657808168944,
        0.02343397040072763,
        0.022696151960763532,
        0.021562424835219383,
        0.02041356106394698,
        0.01959677839350095,
        0.019307767154701002,
        0.019532573631078635,
        0.020050651206070955,
        0.020508310367151134,
        0.02056115271858757,
        0.0200366604464675,
        0.01903207179888806,
        0.017889105784024056,
        0.017058139418239186,
        0.01691452579686229,
        0.01758980290972422,
        0.01886593824223799,
        0.020184420296071197,
        0.020813292955732504,
        0.020143493061627132
    ],
    "demtherm_avg": 19.703802503985646,
    "reptherm_avg": 75.05753815372228
}